id,checking_status,duration,credit_history,purpose,credit_amount,savings_status,employment,installment_commitment,personal_status,other_parties,residence_since,property_magnitude,age,other_payment_plans,housing,existing_credits,job,num_dependents,own_telephone,foreign_worker
271,no checking,12.0,critical/other existing credit,furniture/equipment,1402.0,500<=X<1000,4<=X<7,3,female div/dep/mar,none,4.0,car,37,none,rent,1.0,skilled,1,yes,yes
726,no checking,15.0,critical/other existing credit,radio/tv,1316.0,500<=X<1000,1<=X<4,2,male mar/wid,none,2.0,life insurance,47,none,own,2.0,unskilled resident,1,none,yes
31,<0,24.0,existing paid,furniture/equipment,4020.0,<100,1<=X<4,2,male single,none,2.0,car,27,stores,own,1.0,skilled,1,none,yes
343,0<=X<200,18.0,existing paid,business,4439.0,<100,>=7,1,male single,co applicant,1.0,real estate,33,bank,own,1.0,high qualif/self emp/mgmt,1,yes,yes
605,<0,24.0,all paid,furniture/equipment,2828.0,500<=X<1000,1<=X<4,4,male single,none,4.0,real estate,22,stores,own,1.0,skilled,1,yes,yes
751,<0,18.0,existing paid,new car,976.0,<100,<1,1,female div/dep/mar,none,2.0,car,23,none,own,1.0,unskilled resident,1,none,yes
591,0<=X<200,24.0,delayed previously,new car,1965.0,no known savings,1<=X<4,4,female div/dep/mar,none,4.0,car,42,none,rent,2.0,skilled,1,yes,yes
202,no checking,27.0,delayed previously,business,5117.0,<100,4<=X<7,3,male single,none,4.0,car,26,none,own,2.0,skilled,1,none,yes
812,<0,36.0,critical/other existing credit,used car,9629.0,<100,4<=X<7,4,male single,none,4.0,car,24,none,own,2.0,skilled,1,yes,yes
295,0<=X<200,48.0,existing paid,furniture/equipment,9960.0,<100,<1,1,female div/dep/mar,none,2.0,car,26,none,own,1.0,skilled,1,yes,yes
643,no checking,24.0,critical/other existing credit,radio/tv,1851.0,<100,4<=X<7,4,male mar/wid,guarantor,2.0,car,33,none,own,2.0,skilled,1,yes,yes
313,0<=X<200,12.0,existing paid,new car,685.0,<100,4<=X<7,2,male mar/wid,none,3.0,car,25,bank,own,1.0,unskilled resident,1,none,yes
108,<0,24.0,existing paid,furniture/equipment,7721.0,no known savings,<1,1,female div/dep/mar,none,2.0,life insurance,30,none,own,1.0,skilled,1,yes,no
122,no checking,12.0,existing paid,furniture/equipment,1768.0,<100,1<=X<4,3,male single,none,2.0,real estate,24,none,rent,1.0,unskilled resident,1,none,yes
882,0<=X<200,30.0,critical/other existing credit,new car,2181.0,no known savings,>=7,4,male single,none,4.0,real estate,36,none,own,2.0,skilled,1,none,yes
795,no checking,9.0,existing paid,furniture/equipment,2301.0,100<=X<500,<1,2,female div/dep/mar,none,4.0,life insurance,22,none,rent,1.0,skilled,1,none,yes
496,0<=X<200,36.0,existing paid,furniture/equipment,9034.0,100<=X<500,<1,4,male single,co applicant,1.0,no known property,29,none,rent,1.0,high qualif/self emp/mgmt,1,yes,yes
531,0<=X<200,15.0,existing paid,new car,2631.0,100<=X<500,1<=X<4,2,female div/dep/mar,none,4.0,car,28,none,rent,2.0,skilled,1,yes,yes
530,0<=X<200,36.0,existing paid,education,2273.0,<100,4<=X<7,3,male single,none,1.0,car,32,none,own,,skilled,2,none,yes
14,<0,15.0,existing paid,new car,1403.0,<100,1<=X<4,2,female div/dep/mar,none,4.0,car,28,none,rent,1.0,skilled,1,none,yes
769,no checking,12.0,critical/other existing credit,radio/tv,1655.0,<100,>=7,2,male single,none,4.0,real estate,63,none,own,2.0,unskilled resident,1,yes,yes
27,>=200,12.0,all paid,radio/tv,409.0,>=1000,1<=X<4,3,female div/dep/mar,none,3.0,real estate,42,none,rent,2.0,skilled,1,none,yes
320,0<=X<200,30.0,critical/other existing credit,new car,4249.0,<100,unemployed,4,male mar/wid,none,2.0,car,28,none,own,2.0,high qualif/self emp/mgmt,1,none,yes
45,no checking,11.0,critical/other existing credit,new car,1393.0,<100,<1,4,female div/dep/mar,none,4.0,car,35,none,own,2.0,high qualif/self emp/mgmt,1,none,yes
103,0<=X<200,9.0,critical/other existing credit,furniture/equipment,1919.0,<100,4<=X<7,4,male single,none,3.0,car,35,none,rent,1.0,skilled,1,yes,yes
773,no checking,24.0,critical/other existing credit,radio/tv,2223.0,100<=X<500,>=7,4,male single,none,4.0,life insurance,52,bank,own,2.0,skilled,1,none,yes
584,no checking,12.0,existing paid,new car,2133.0,no known savings,>=7,4,female div/dep/mar,none,4.0,no known property,52,none,for free,1.0,high qualif/self emp/mgmt,1,yes,yes
403,no checking,14.0,delayed previously,new car,802.0,<100,1<=X<4,4,male single,none,2.0,car,27,none,own,2.0,unskilled resident,1,none,yes
989,0<=X<200,24.0,critical/other existing credit,radio/tv,1743.0,<100,>=7,4,male single,none,2.0,life insurance,48,none,own,2.0,unskilled resident,1,none,yes
615,0<=X<200,48.0,no credits/all paid,business,12204.0,no known savings,1<=X<4,2,male single,none,2.0,car,48,bank,own,1.0,high qualif/self emp/mgmt,1,yes,yes
796,<0,18.0,existing paid,used car,7511.0,no known savings,>=7,1,male single,none,4.0,life insurance,51,none,for free,1.0,skilled,2,yes,yes
971,no checking,24.0,existing paid,new car,7393.0,<100,1<=X<4,1,male single,none,4.0,life insurance,43,none,own,1.0,unskilled resident,2,none,yes
55,no checking,6.0,all paid,new car,783.0,no known savings,1<=X<4,1,male single,guarantor,2.0,real estate,26,stores,own,1.0,unskilled resident,2,none,yes
912,0<=X<200,30.0,existing paid,radio/tv,2991.0,no known savings,>=7,2,female div/dep/mar,none,4.0,car,25,none,own,1.0,skilled,1,none,yes
632,0<=X<200,15.0,existing paid,radio/tv,1444.0,no known savings,<1,4,male single,none,1.0,life insurance,23,none,own,1.0,skilled,1,none,yes
602,0<=X<200,24.0,all paid,education,1837.0,<100,4<=X<7,4,female div/dep/mar,none,4.0,no known property,34,bank,for free,1.0,unskilled resident,1,none,yes
938,0<=X<200,60.0,existing paid,education,6288.0,<100,1<=X<4,4,male single,none,4.0,no known property,42,none,for free,1.0,skilled,1,none,yes
524,0<=X<200,18.0,existing paid,radio/tv,1113.0,<100,1<=X<4,4,female div/dep/mar,guarantor,4.0,real estate,26,none,own,1.0,unskilled resident,2,none,yes
280,no checking,15.0,critical/other existing credit,used car,3368.0,>=1000,>=7,3,male single,none,4.0,no known property,23,none,rent,2.0,skilled,1,yes,yes
772,no checking,21.0,critical/other existing credit,used car,3275.0,<100,>=7,1,male single,none,4.0,car,36,none,own,1.0,high qualif/self emp/mgmt,1,yes,yes
307,<0,12.0,existing paid,radio/tv,727.0,100<=X<500,<1,4,male mar/wid,none,3.0,no known property,33,none,own,1.0,unskilled resident,1,yes,yes
903,no checking,15.0,existing paid,radio/tv,1386.0,no known savings,1<=X<4,4,male mar/wid,none,2.0,real estate,40,none,rent,1.0,skilled,1,yes,yes
230,>=200,36.0,existing paid,radio/tv,4210.0,<100,1<=X<4,4,male single,none,2.0,car,26,none,own,1.0,skilled,1,none,yes
312,>=200,24.0,existing paid,furniture/equipment,3749.0,<100,<1,2,female div/dep/mar,none,4.0,car,26,none,own,1.0,skilled,1,none,yes
77,0<=X<200,11.0,delayed previously,radio/tv,4771.0,<100,4<=X<7,2,male single,none,4.0,life insurance,51,none,own,1.0,skilled,1,none,yes
578,0<=X<200,36.0,critical/other existing credit,new car,2820.0,<100,<1,4,male div/sep,none,4.0,car,27,none,own,2.0,skilled,1,none,yes
866,<0,18.0,existing paid,radio/tv,2389.0,<100,<1,4,female div/dep/mar,none,1.0,car,27,stores,own,1.0,skilled,1,none,yes
955,<0,24.0,critical/other existing credit,radio/tv,1231.0,>=1000,>=7,4,female div/dep/mar,none,4.0,life insurance,57,none,rent,2.0,high qualif/self emp/mgmt,1,yes,yes
945,0<=X<200,48.0,no credits/all paid,new car,8358.0,500<=X<1000,<1,1,female div/dep/mar,none,1.0,car,30,none,own,2.0,skilled,1,none,yes
609,,15.0,existing paid,used car,1300.0,no known savings,>=7,4,male single,none,4.0,no known property,45,bank,for free,1.0,skilled,2,none,yes
593,0<=X<200,24.0,existing paid,new car,2718.0,<100,1<=X<4,3,female div/dep/mar,none,4.0,life insurance,20,none,rent,1.0,unskilled resident,1,yes,yes
804,0<=X<200,12.0,existing paid,new car,7472.0,no known savings,unemployed,1,female div/dep/mar,none,2.0,real estate,24,none,rent,1.0,unemp/unskilled non res,1,none,yes
647,no checking,12.0,existing paid,new car,1386.0,500<=X<1000,1<=X<4,2,female div/dep/mar,none,2.0,life insurance,26,none,own,1.0,skilled,1,none,yes
554,0<=X<200,9.0,existing paid,education,1199.0,<100,4<=X<7,4,female div/dep/mar,none,4.0,life insurance,67,none,own,2.0,high qualif/self emp/mgmt,1,yes,yes
925,<0,12.0,all paid,new car,697.0,<100,<1,4,male single,none,2.0,car,46,bank,own,2.0,skilled,1,yes,yes
240,<0,24.0,existing paid,new car,915.0,no known savings,>=7,4,female div/dep/mar,none,2.0,car,29,bank,own,1.0,skilled,1,none,yes
968,no checking,42.0,existing paid,radio/tv,7166.0,no known savings,4<=X<7,2,male mar/wid,none,4.0,life insurance,29,none,rent,1.0,skilled,1,yes,yes
272,0<=X<200,48.0,all paid,new car,12169.0,no known savings,unemployed,4,male single,co applicant,4.0,no known property,36,none,for free,1.0,high qualif/self emp/mgmt,1,yes,yes
331,no checking,18.0,critical/other existing credit,education,1864.0,100<=X<500,1<=X<4,4,female div/dep/mar,none,2.0,real estate,30,none,own,2.0,skilled,1,none,yes
613,<0,24.0,all paid,used car,3632.0,<100,1<=X<4,1,female div/dep/mar,guarantor,4.0,car,22,bank,rent,1.0,skilled,1,none,no
368,<0,36.0,existing paid,furniture/equipment,3446.0,<100,>=7,4,male single,none,2.0,car,42,none,own,1.0,skilled,2,none,yes
713,<0,9.0,critical/other existing credit,radio/tv,1138.0,<100,1<=X<4,4,male single,none,4.0,real estate,25,none,own,,unskilled resident,1,none,yes
387,0<=X<200,18.0,critical/other existing credit,furniture/equipment,7374.0,<100,unemployed,4,male single,none,4.0,life insurance,40,stores,own,2.0,high qualif/self emp/mgmt,1,yes,yes
254,0<=X<200,9.0,existing paid,furniture/equipment,2030.0,no known savings,4<=X<7,2,male single,none,1.0,car,24,none,own,1.0,skilled,1,yes,yes
712,no checking,21.0,existing paid,used car,2476.0,no known savings,>=7,4,male single,none,4.0,real estate,46,none,own,1.0,high qualif/self emp/mgmt,1,yes,yes
252,0<=X<200,30.0,existing paid,new car,2150.0,<100,1<=X<4,4,female div/dep/mar,guarantor,2.0,no known property,24,bank,own,1.0,skilled,1,none,yes
175,no checking,30.0,all paid,used car,7485.0,no known savings,unemployed,4,female div/dep/mar,none,1.0,real estate,53,bank,own,1.0,high qualif/self emp/mgmt,1,yes,yes
413,no checking,10.0,existing paid,new car,1597.0,500<=X<1000,1<=X<4,3,male single,none,2.0,no known property,40,none,rent,1.0,unskilled resident,2,none,no
383,>=200,12.0,existing paid,new car,1330.0,<100,<1,4,male single,none,1.0,real estate,26,none,own,1.0,skilled,1,none,yes
142,<0,27.0,existing paid,radio/tv,3416.0,<100,1<=X<4,3,male single,none,2.0,car,27,none,own,1.0,high qualif/self emp/mgmt,1,none,yes
671,no checking,36.0,existing paid,business,5742.0,100<=X<500,4<=X<7,2,male single,none,2.0,car,31,none,own,2.0,skilled,1,yes,yes
367,<0,18.0,existing paid,furniture/equipment,3650.0,<100,<1,1,female div/dep/mar,none,4.0,car,22,none,rent,1.0,skilled,1,none,yes
381,0<=X<200,18.0,existing paid,used car,12976.0,<100,unemployed,3,female div/dep/mar,none,4.0,no known property,38,none,for free,1.0,high qualif/self emp/mgmt,1,yes,yes
919,<0,24.0,existing paid,furniture/equipment,3345.0,<100,>=7,4,male single,none,2.0,life insurance,39,none,rent,1.0,high qualif/self emp/mgmt,1,yes,yes
458,<0,6.0,existing paid,domestic appliance,343.0,<100,<1,4,female div/dep/mar,none,1.0,real estate,27,none,own,1.0,skilled,1,none,yes
522,<0,48.0,no credits/all paid,furniture/equipment,7119.0,<100,1<=X<4,3,male single,none,4.0,no known property,53,none,for free,2.0,skilled,2,none,yes
463,0<=X<200,12.0,existing paid,retraining,754.0,no known savings,>=7,4,male single,none,4.0,life insurance,38,none,own,2.0,skilled,1,none,yes
475,<0,18.0,no credits/all paid,furniture/equipment,3114.0,<100,<1,1,female div/dep/mar,none,4.0,life insurance,26,none,rent,1.0,skilled,1,none,yes
692,0<=X<200,24.0,existing paid,radio/tv,2896.0,100<=X<500,<1,2,male single,none,1.0,car,29,none,own,1.0,skilled,1,none,yes
690,<0,15.0,critical/other existing credit,furniture/equipment,975.0,<100,1<=X<4,2,male div/sep,none,3.0,life insurance,25,none,own,2.0,skilled,1,none,yes
357,no checking,36.0,delayed previously,radio/tv,4463.0,<100,1<=X<4,4,male single,none,2.0,car,26,none,own,2.0,,1,yes,yes
653,0<=X<200,36.0,delayed previously,new car,8086.0,100<=X<500,>=7,2,male single,none,4.0,car,42,none,own,4.0,high qualif/self emp/mgmt,1,yes,yes
818,<0,36.0,existing paid,other,15857.0,<100,unemployed,2,male div/sep,co applicant,3.0,car,43,none,own,1.0,high qualif/self emp/mgmt,1,none,yes
214,no checking,36.0,critical/other existing credit,radio/tv,3342.0,no known savings,>=7,4,male single,none,2.0,car,51,none,own,1.0,skilled,1,yes,yes
480,0<=X<200,12.0,critical/other existing credit,radio/tv,3573.0,<100,1<=X<4,1,female div/dep/mar,none,1.0,real estate,23,none,own,1.0,unskilled resident,1,none,yes
588,<0,18.0,existing paid,domestic appliance,1217.0,<100,1<=X<4,4,male mar/wid,none,3.0,real estate,47,none,own,1.0,unskilled resident,1,yes,yes
861,no checking,18.0,delayed previously,business,2169.0,<100,1<=X<4,4,male mar/wid,none,2.0,car,28,none,own,1.0,skilled,1,yes,yes
333,no checking,48.0,critical/other existing credit,used car,11590.0,100<=X<500,1<=X<4,2,female div/dep/mar,none,4.0,car,24,bank,rent,2.0,unskilled resident,1,none,yes
444,0<=X<200,48.0,critical/other existing credit,furniture/equipment,5096.0,<100,1<=X<4,2,female div/dep/mar,none,3.0,car,30,none,own,1.0,high qualif/self emp/mgmt,1,yes,yes
284,0<=X<200,24.0,critical/other existing credit,new car,3878.0,100<=X<500,<1,4,male div/sep,none,2.0,car,37,none,own,1.0,skilled,1,yes,yes
498,0<=X<200,18.0,existing paid,radio/tv,1301.0,<100,>=7,4,male mar/wid,guarantor,2.0,real estate,32,none,own,1.0,unskilled resident,1,none,yes
65,no checking,27.0,existing paid,repairs,5190.0,no known savings,>=7,4,male single,none,4.0,life insurance,48,none,own,4.0,skilled,2,yes,yes
922,<0,9.0,existing paid,radio/tv,1366.0,<100,<1,3,female div/dep/mar,none,4.0,life insurance,22,none,rent,1.0,skilled,1,none,yes
864,no checking,10.0,existing paid,furniture/equipment,2210.0,<100,1<=X<4,2,male single,none,2.0,real estate,25,bank,rent,1.0,unskilled resident,1,none,yes
665,no checking,24.0,critical/other existing credit,other,6314.0,<100,unemployed,4,male single,co applicant,2.0,no known property,27,bank,own,2.0,high qualif/self emp/mgmt,1,yes,yes
725,no checking,6.0,critical/other existing credit,new car,250.0,>=1000,1<=X<4,2,female div/dep/mar,none,2.0,real estate,41,bank,own,2.0,unskilled resident,1,none,yes
747,<0,12.0,existing paid,new car,1274.0,<100,<1,3,female div/dep/mar,none,1.0,real estate,37,none,own,1.0,unskilled resident,1,none,yes
534,no checking,24.0,existing paid,radio/tv,3105.0,no known savings,<1,4,male single,none,2.0,car,25,none,own,2.0,skilled,1,none,yes
97,0<=X<200,18.0,existing paid,business,2622.0,100<=X<500,1<=X<4,4,male single,none,4.0,car,34,none,own,1.0,skilled,1,none,yes
268,<0,14.0,existing paid,new car,8978.0,<100,>=7,1,male div/sep,none,4.0,life insurance,45,none,own,1.0,high qualif/self emp/mgmt,1,yes,no
